"ref.date","yield.bid","price.bid","asset.code","matur.date"
2007-02-16,0.1206,961.68,"NTN-F 010710",2010-07-01
2007-02-21,0.1206,962.11,"NTN-F 010710",2010-07-01
2007-02-22,0.1197,964.77,"NTN-F 010710",2010-07-01
2007-02-23,0.1189,967.18,"NTN-F 010710",2010-07-01
2007-02-26,0.1198,965.39,"NTN-F 010710",2010-07-01
2007-02-27,0.1192,967.31,"NTN-F 010710",2010-07-01
2007-02-28,0.1233,957.68,"NTN-F 010710",2010-07-01
2007-03-01,0.1211,963.5,"NTN-F 010710",2010-07-01
2007-03-02,0.1221,961.49,"NTN-F 010710",2010-07-01
2007-03-05,0.1231,959.49,"NTN-F 010710",2010-07-01
2007-03-06,0.1239,958,"NTN-F 010710",2010-07-01
2007-03-07,0.1211,965.25,"NTN-F 010710",2010-07-01
2007-03-08,0.1205,967.15,"NTN-F 010710",2010-07-01
2007-03-09,0.1207,967.1,"NTN-F 010710",2010-07-01
2007-03-12,0.1201,969,"NTN-F 010710",2010-07-01
2007-03-13,0.1193,971.39,"NTN-F 010710",2010-07-01
2007-03-14,0.1207,968.41,"NTN-F 010710",2010-07-01
2007-03-15,0.1199,970.8,"NTN-F 010710",2010-07-01
2007-03-16,0.1198,971.48,"NTN-F 010710",2010-07-01
2007-03-19,0.1201,971.18,"NTN-F 010710",2010-07-01
2007-03-20,0.1196,972.84,"NTN-F 010710",2010-07-01
2007-03-21,0.1195,973.52,"NTN-F 010710",2010-07-01
2007-03-22,0.1181,977.36,"NTN-F 010710",2010-07-01
2007-03-23,0.1178,978.53,"NTN-F 010710",2010-07-01
2007-03-26,0.1182,977.99,"NTN-F 010710",2010-07-01
2007-03-27,0.1181,978.66,"NTN-F 010710",2010-07-01
2007-03-28,0.1181,979.1,"NTN-F 010710",2010-07-01
2007-03-29,0.1184,978.8,"NTN-F 010710",2010-07-01
2007-03-30,0.118,980.21,"NTN-F 010710",2010-07-01
2007-04-02,0.1174,982.1,"NTN-F 010710",2010-07-01
2007-04-03,0.1168,983.99,"NTN-F 010710",2010-07-01
2007-04-04,0.1164,985.4,"NTN-F 010710",2010-07-01
2007-04-05,0.1164,985.83,"NTN-F 010710",2010-07-01
2007-04-09,0.1163,986.5,"NTN-F 010710",2010-07-01
2007-04-10,0.1156,988.64,"NTN-F 010710",2010-07-01
2007-04-11,0.1152,990.04,"NTN-F 010710",2010-07-01
2007-04-12,0.1155,989.74,"NTN-F 010710",2010-07-01
2007-04-13,0.1157,989.68,"NTN-F 010710",2010-07-01
2007-04-16,0.1148,992.3,"NTN-F 010710",2010-07-01
2007-04-17,0.1134,996.14,"NTN-F 010710",2010-07-01
2007-04-18,0.1131,997.3,"NTN-F 010710",2010-07-01
2007-04-19,0.1106,1003.85,"NTN-F 010710",2010-07-01
2007-04-20,0.1096,1006.73,"NTN-F 010710",2010-07-01
2007-04-23,0.109,1008.63,"NTN-F 010710",2010-07-01
2007-04-24,0.1087,1009.79,"NTN-F 010710",2010-07-01
2007-04-25,0.1088,1009.95,"NTN-F 010710",2010-07-01
2007-04-26,0.1076,1013.33,"NTN-F 010710",2010-07-01
2007-04-27,0.1082,1012.26,"NTN-F 010710",2010-07-01
2007-04-30,0.1086,1011.69,"NTN-F 010710",2010-07-01
2007-05-02,0.108,1013.58,"NTN-F 010710",2010-07-01
2007-05-03,0.1066,1017.45,"NTN-F 010710",2010-07-01
2007-05-04,0.106,1019.35,"NTN-F 010710",2010-07-01
2007-05-07,0.1058,1020.25,"NTN-F 010710",2010-07-01
2007-05-08,0.1059,1020.41,"NTN-F 010710",2010-07-01
2007-05-09,0.1062,1020.07,"NTN-F 010710",2010-07-01
2007-05-10,0.1055,1022.21,"NTN-F 010710",2010-07-01
2007-05-11,0.1062,1020.89,"NTN-F 010710",2010-07-01
2007-05-14,0.1058,1022.29,"NTN-F 010710",2010-07-01
2007-05-15,0.1057,1022.94,"NTN-F 010710",2010-07-01
2007-05-16,0.1047,1025.81,"NTN-F 010710",2010-07-01
2007-05-17,0.1031,1030.17,"NTN-F 010710",2010-07-01
2007-05-18,0.102,1033.3,"NTN-F 010710",2010-07-01
2007-05-21,0.1025,1032.46,"NTN-F 010710",2010-07-01
2007-05-22,0.1019,1034.35,"NTN-F 010710",2010-07-01
2007-05-23,0.102,1034.5,"NTN-F 010710",2010-07-01
2007-05-24,0.1033,1031.69,"NTN-F 010710",2010-07-01
2007-05-25,0.1051,1027.67,"NTN-F 010710",2010-07-01
2007-05-28,0.1041,1030.53,"NTN-F 010710",2010-07-01
2007-05-29,0.1038,1031.67,"NTN-F 010710",2010-07-01
2007-05-30,0.1048,1029.63,"NTN-F 010710",2010-07-01
2007-05-31,0.1045,1030.77,"NTN-F 010710",2010-07-01
2007-06-01,0.1038,1032.88,"NTN-F 010710",2010-07-01
2007-06-04,0.1028,1035.73,"NTN-F 010710",2010-07-01
2007-06-05,0.104,1033.21,"NTN-F 010710",2010-07-01
2007-06-06,0.1047,1031.91,"NTN-F 010710",2010-07-01
2007-06-08,0.1047,1032.32,"NTN-F 010710",2010-07-01
2007-06-11,0.1046,1032.97,"NTN-F 010710",2010-07-01
2007-06-12,0.1043,1034.1,"NTN-F 010710",2010-07-01
2007-06-13,0.1062,1029.93,"NTN-F 010710",2010-07-01
2007-06-14,0.106,1030.82,"NTN-F 010710",2010-07-01
2007-06-15,0.1052,1033.16,"NTN-F 010710",2010-07-01
2007-06-18,0.1041,1036.21,"NTN-F 010710",2010-07-01
2007-06-19,0.1041,1036.62,"NTN-F 010710",2010-07-01
2007-06-20,0.1041,1037.03,"NTN-F 010710",2010-07-01
2007-06-21,0.1052,1034.8,"NTN-F 010710",2010-07-01
2007-06-22,0.1053,1034.97,"NTN-F 010710",2010-07-01
2007-06-25,0.1068,1031.81,"NTN-F 010710",2010-07-01
2007-06-26,0.1092,1026.55,"NTN-F 010710",2010-07-01
2007-06-27,0.1089,1027.68,"NTN-F 010710",2010-07-01
2007-06-28,0.1077,1030.92,"NTN-F 010710",2010-07-01
2007-06-29,0.1077,982.53,"NTN-F 010710",2010-07-01
2007-07-02,0.1076,983.17,"NTN-F 010710",2010-07-01
2007-07-03,0.1069,985.22,"NTN-F 010710",2010-07-01
2007-07-04,0.1073,984.67,"NTN-F 010710",2010-07-01
2007-07-05,0.1089,981.32,"NTN-F 010710",2010-07-01
2007-07-06,0.1088,981.95,"NTN-F 010710",2010-07-01
2007-07-09,0.1076,985.16,"NTN-F 010710",2010-07-01
2007-07-10,0.1076,985.56,"NTN-F 010710",2010-07-01
2007-07-11,0.1085,983.86,"NTN-F 010710",2010-07-01
2007-07-12,0.1078,985.9,"NTN-F 010710",2010-07-01
2007-07-13,0.107,988.16,"NTN-F 010710",2010-07-01
2007-07-16,0.1065,989.73,"NTN-F 010710",2010-07-01
2007-07-17,0.1071,988.73,"NTN-F 010710",2010-07-01
2007-07-18,0.1066,990.29,"NTN-F 010710",2010-07-01
2007-07-19,0.1071,989.53,"NTN-F 010710",2010-07-01
2007-07-20,0.1081,987.61,"NTN-F 010710",2010-07-01
2007-07-23,0.1086,986.85,"NTN-F 010710",2010-07-01
2007-07-24,0.1086,987.26,"NTN-F 010710",2010-07-01
2007-07-25,0.1098,984.9,"NTN-F 010710",2010-07-01
2007-07-26,0.1101,984.62,"NTN-F 010710",2010-07-01
2007-07-27,0.1138,976.62,"NTN-F 010710",2010-07-01
2007-07-30,0.1118,981.56,"NTN-F 010710",2010-07-01
2007-07-31,0.1111,983.57,"NTN-F 010710",2010-07-01
2007-08-01,0.1114,983.3,"NTN-F 010710",2010-07-01
2007-08-02,0.113,980.09,"NTN-F 010710",2010-07-01
2007-08-03,0.1124,981.86,"NTN-F 010710",2010-07-01
2007-08-06,0.1142,978.23,"NTN-F 010710",2010-07-01
2007-08-07,0.1145,977.98,"NTN-F 010710",2010-07-01
2007-08-08,0.1137,980.19,"NTN-F 010710",2010-07-01
2007-08-09,0.1127,982.85,"NTN-F 010710",2010-07-01
2007-08-10,0.1148,978.57,"NTN-F 010710",2010-07-01
2007-08-13,0.1148,979,"NTN-F 010710",2010-07-01
2007-08-14,0.1145,980.08,"NTN-F 010710",2010-07-01
2007-08-15,0.1164,976.3,"NTN-F 010710",2010-07-01
2007-08-16,0.1195,969.93,"NTN-F 010710",2010-07-01
2007-08-17,0.1251,958.27,"NTN-F 010710",2010-07-01
2007-08-20,0.1219,965.59,"NTN-F 010710",2010-07-01
2007-08-21,0.123,963.66,"NTN-F 010710",2010-07-01
2007-08-22,0.1249,960.04,"NTN-F 010710",2010-07-01
2007-08-23,0.1235,963.48,"NTN-F 010710",2010-07-01
2007-08-24,0.1228,965.42,"NTN-F 010710",2010-07-01
2007-08-27,0.1201,971.68,"NTN-F 010710",2010-07-01
2007-08-28,0.1207,970.82,"NTN-F 010710",2010-07-01
2007-08-29,0.1221,968.25,"NTN-F 010710",2010-07-01
2007-08-30,0.1206,971.91,"NTN-F 010710",2010-07-01
2007-08-31,0.1207,972.14,"NTN-F 010710",2010-07-01
2007-09-03,0.1196,974.94,"NTN-F 010710",2010-07-01
2007-09-04,0.1185,977.75,"NTN-F 010710",2010-07-01
2007-09-05,0.1183,978.61,"NTN-F 010710",2010-07-01
2007-09-06,0.1197,976.04,"NTN-F 010710",2010-07-01
2007-09-10,0.1198,976.26,"NTN-F 010710",2010-07-01
2007-09-11,0.1208,974.57,"NTN-F 010710",2010-07-01
2007-09-12,0.1205,975.65,"NTN-F 010710",2010-07-01
2007-09-13,0.1195,978.22,"NTN-F 010710",2010-07-01
2007-09-14,0.1195,978.66,"NTN-F 010710",2010-07-01
2007-09-17,0.1185,981.23,"NTN-F 010710",2010-07-01
2007-09-18,0.1194,979.75,"NTN-F 010710",2010-07-01
2007-09-19,0.1155,988.53,"NTN-F 010710",2010-07-01
2007-09-20,0.1156,988.74,"NTN-F 010710",2010-07-01
2007-09-21,0.1157,988.95,"NTN-F 010710",2010-07-01
2007-09-24,0.115,990.89,"NTN-F 010710",2010-07-01
2007-09-25,0.1151,991.1,"NTN-F 010710",2010-07-01
2007-09-26,0.1153,991.1,"NTN-F 010710",2010-07-01
2007-09-27,0.1153,991.53,"NTN-F 010710",2010-07-01
2007-09-28,0.115,992.6,"NTN-F 010710",2010-07-01
2007-10-01,0.1146,993.88,"NTN-F 010710",2010-07-01
2007-10-02,0.1136,996.45,"NTN-F 010710",2010-07-01
2007-10-03,0.1137,996.66,"NTN-F 010710",2010-07-01
2007-10-04,0.114,996.45,"NTN-F 010710",2010-07-01
2007-10-05,0.1145,995.81,"NTN-F 010710",2010-07-01
2007-10-08,0.1143,996.66,"NTN-F 010710",2010-07-01
2007-10-09,0.1144,996.88,"NTN-F 010710",2010-07-01
2007-10-10,0.1134,999.43,"NTN-F 010710",2010-07-01
2007-10-11,0.1139,998.8,"NTN-F 010710",2010-07-01
2007-10-15,0.1141,998.8,"NTN-F 010710",2010-07-01
2007-10-16,0.1137,1000.07,"NTN-F 010710",2010-07-01
2007-10-17,0.114,999.87,"NTN-F 010710",2010-07-01
2007-10-18,0.1146,999.03,"NTN-F 010710",2010-07-01
2007-10-19,0.1147,999.25,"NTN-F 010710",2010-07-01
2007-10-22,0.1162,996.54,"NTN-F 010710",2010-07-01
2007-10-23,0.1189,991.36,"NTN-F 010710",2010-07-01
2007-10-24,0.1174,994.91,"NTN-F 010710",2010-07-01
2007-10-25,0.1188,992.45,"NTN-F 010710",2010-07-01
2007-10-26,0.119,992.48,"NTN-F 010710",2010-07-01
2007-10-29,0.1177,995.61,"NTN-F 010710",2010-07-01
2007-10-30,0.1169,997.7,"NTN-F 010710",2010-07-01
2007-10-31,0.117,997.93,"NTN-F 010710",2010-07-01
2007-11-01,0.117,998.37,"NTN-F 010710",2010-07-01
2007-11-05,0.1177,997.37,"NTN-F 010710",2010-07-01
2007-11-06,0.1192,994.73,"NTN-F 010710",2010-07-01
2007-11-07,0.1199,997.84,"NTN-F 010710",2010-07-01
2007-11-08,0.1199,994.2,"NTN-F 010710",2010-07-01
2007-11-09,0.1214,991.6,"NTN-F 010710",2010-07-01
2007-11-12,0.1213,992.26,"NTN-F 010710",2010-07-01
2007-11-13,0.1218,991.7,"NTN-F 010710",2010-07-01
2007-11-14,0.1225,990.74,"NTN-F 010710",2010-07-01
2007-11-16,0.1207,994.82,"NTN-F 010710",2010-07-01
2007-11-19,0.1209,994.86,"NTN-F 010710",2010-07-01
2007-11-20,0.1215,994.11,"NTN-F 010710",2010-07-01
2007-11-21,0.1215,994.56,"NTN-F 010710",2010-07-01
2007-11-22,0.1212,995.62,"NTN-F 010710",2010-07-01
2007-11-23,0.121,996.47,"NTN-F 010710",2010-07-01
2007-11-26,0.121,996.92,"NTN-F 010710",2010-07-01
2007-11-27,0.1212,996.97,"NTN-F 010710",2010-07-01
2007-11-28,0.1225,994.84,"NTN-F 010710",2010-07-01
2007-11-29,0.1225,995.3,"NTN-F 010710",2010-07-01
2007-11-30,0.1242,992.4,"NTN-F 010710",2010-07-01
2007-12-03,0.1236,994.04,"NTN-F 010710",2010-07-01
2007-12-04,0.1243,993.12,"NTN-F 010710",2010-07-01
2007-12-05,0.1254,991.43,"NTN-F 010710",2010-07-01
2007-12-06,0.1263,990.14,"NTN-F 010710",2010-07-01
2007-12-07,0.1267,989.83,"NTN-F 010710",2010-07-01
2007-12-10,0.1261,991.47,"NTN-F 010710",2010-07-01
2007-12-11,0.1273,989.61,"NTN-F 010710",2010-07-01
2007-12-12,0.1256,993.37,"NTN-F 010710",2010-07-01
2007-12-13,0.1276,989.97,"NTN-F 010710",2010-07-01
2007-12-14,0.1291,987.57,"NTN-F 010710",2010-07-01
2007-12-17,0.1288,988.62,"NTN-F 010710",2010-07-01
2007-12-18,0.1285,989.67,"NTN-F 010710",2010-07-01
2007-12-19,0.1278,991.48,"NTN-F 010710",2010-07-01
2007-12-20,0.127,993.49,"NTN-F 010710",2010-07-01
2007-12-21,0.1292,990.24,"NTN-F 010710",2010-07-01
2007-12-24,0.1292,990.24,"NTN-F 010710",2010-07-01
2007-12-26,0.1294,990.34,"NTN-F 010710",2010-07-01
2007-12-27,0.1302,989.3,"NTN-F 010710",2010-07-01
2007-12-28,0.1308,940.33,"NTN-F 010710",2010-07-01
2007-12-31,0.1308,940.33,"NTN-F 010710",2010-07-01
2008-01-02,0.1303,941.73,"NTN-F 010710",2010-07-01
2008-01-03,0.1298,943.12,"NTN-F 010710",2010-07-01
2008-01-04,0.1289,945.27,"NTN-F 010710",2010-07-01
2008-01-07,0.1297,944.22,"NTN-F 010710",2010-07-01
2008-01-08,0.1293,945.43,"NTN-F 010710",2010-07-01
2008-01-09,0.1287,947.01,"NTN-F 010710",2010-07-01
2008-01-10,0.1292,946.53,"NTN-F 010710",2010-07-01
2008-01-11,0.1298,945.87,"NTN-F 010710",2010-07-01
2008-01-14,0.1293,947.26,"NTN-F 010710",2010-07-01
2008-01-15,0.1294,947.53,"NTN-F 010710",2010-07-01
2008-01-16,0.1292,948.36,"NTN-F 010710",2010-07-01
2008-01-17,0.1298,947.7,"NTN-F 010710",2010-07-01
2008-01-18,0.1306,946.68,"NTN-F 010710",2010-07-01
2008-01-21,0.1302,947.88,"NTN-F 010710",2010-07-01
2008-01-22,0.1316,945.76,"NTN-F 010710",2010-07-01
2008-01-23,0.1322,945.12,"NTN-F 010710",2010-07-01
2008-01-24,0.1328,944.49,"NTN-F 010710",2010-07-01
2008-01-25,0.1303,949.54,"NTN-F 010710",2010-07-01
2008-01-28,0.1303,950,"NTN-F 010710",2010-07-01
2008-01-29,0.1292,952.48,"NTN-F 010710",2010-07-01
2008-01-30,0.1297,952.02,"NTN-F 010710",2010-07-01
2008-01-31,0.1296,952.67,"NTN-F 010710",2010-07-01
2008-02-01,0.13,952.4,"NTN-F 010710",2010-07-01
2008-02-06,0.1296,953.59,"NTN-F 010710",2010-07-01
2008-02-07,0.1297,953.87,"NTN-F 010710",2010-07-01
2008-02-08,0.1289,955.79,"NTN-F 010710",2010-07-01
2008-02-11,0.128,957.89,"NTN-F 010710",2010-07-01
2008-02-12,0.127,960.18,"NTN-F 010710",2010-07-01
2008-02-13,0.1263,961.92,"NTN-F 010710",2010-07-01
2008-02-14,0.1259,963.1,"NTN-F 010710",2010-07-01
2008-02-15,0.1261,963.19,"NTN-F 010710",2010-07-01
2008-02-18,0.1268,962.37,"NTN-F 010710",2010-07-01
2008-02-19,0.1255,965.19,"NTN-F 010710",2010-07-01
2008-02-20,0.1261,964.55,"NTN-F 010710",2010-07-01
2008-02-21,0.1254,966.28,"NTN-F 010710",2010-07-01
2008-02-22,0.1252,967.1,"NTN-F 010710",2010-07-01
2008-02-25,0.125,967.92,"NTN-F 010710",2010-07-01
2008-02-26,0.1257,967.1,"NTN-F 010710",2010-07-01
2008-02-27,0.1252,968.46,"NTN-F 010710",2010-07-01
2008-02-28,0.1255,968.37,"NTN-F 010710",2010-07-01
2008-02-29,0.1255,968.82,"NTN-F 010710",2010-07-01
2008-03-03,0.126,968.38,"NTN-F 010710",2010-07-01
2008-03-04,0.1254,969.91,"NTN-F 010710",2010-07-01
2008-03-05,0.1256,970.01,"NTN-F 010710",2010-07-01
2008-03-06,0.1252,971.18,"NTN-F 010710",2010-07-01
2008-03-07,0.1277,967.17,"NTN-F 010710",2010-07-01
2008-03-10,0.1293,964.79,"NTN-F 010710",2010-07-01
2008-03-11,0.1298,964.37,"NTN-F 010710",2010-07-01
2008-03-12,0.1292,965.89,"NTN-F 010710",2010-07-01
2008-03-13,0.1316,962.14,"NTN-F 010710",2010-07-01
2008-03-14,0.1309,963.84,"NTN-F 010710",2010-07-01
2008-03-17,0.1322,962.04,"NTN-F 010710",2010-07-01
2008-03-18,0.1326,961.82,"NTN-F 010710",2010-07-01
2008-03-19,0.1313,964.55,"NTN-F 010710",2010-07-01
2008-03-20,0.1328,962.42,"NTN-F 010710",2010-07-01
2008-03-24,0.1329,962.72,"NTN-F 010710",2010-07-01
2008-03-25,0.1337,961.82,"NTN-F 010710",2010-07-01
2008-03-26,0.1344,961.09,"NTN-F 010710",2010-07-01
2008-03-27,0.1348,960.89,"NTN-F 010710",2010-07-01
2008-03-28,0.1345,961.88,"NTN-F 010710",2010-07-01
2008-03-31,0.1335,964.08,"NTN-F 010710",2010-07-01
2008-04-01,0.134,963.7,"NTN-F 010710",2010-07-01
2008-04-02,0.1333,965.38,"NTN-F 010710",2010-07-01
2008-04-03,0.1331,966.2,"NTN-F 010710",2010-07-01
2008-04-04,0.1325,967.71,"NTN-F 010710",2010-07-01
2008-04-07,0.1322,968.7,"NTN-F 010710",2010-07-01
2008-04-08,0.1331,967.64,"NTN-F 010710",2010-07-01
2008-04-09,0.133,968.29,"NTN-F 010710",2010-07-01
2008-04-10,0.1341,966.91,"NTN-F 010710",2010-07-01
2008-04-11,0.1338,967.9,"NTN-F 010710",2010-07-01
2008-04-14,0.1339,968.21,"NTN-F 010710",2010-07-01
2008-04-15,0.134,968.52,"NTN-F 010710",2010-07-01
2008-04-16,0.1346,968,"NTN-F 010710",2010-07-01
2008-04-17,0.134,969.49,"NTN-F 010710",2010-07-01
2008-04-18,0.1348,968.63,"NTN-F 010710",2010-07-01
2008-04-22,0.1366,966.12,"NTN-F 010710",2010-07-01
2008-04-23,0.1393,962.14,"NTN-F 010710",2010-07-01
2008-04-24,0.1376,965.45,"NTN-F 010710",2010-07-01
2008-04-25,0.1387,964.13,"NTN-F 010710",2010-07-01
2008-04-28,0.1383,965.28,"NTN-F 010710",2010-07-01
2008-04-29,0.1399,963.16,"NTN-F 010710",2010-07-01
2008-04-30,0.1401,963.33,"NTN-F 010710",2010-07-01
2008-05-02,0.1379,967.43,"NTN-F 010710",2010-07-01
2008-05-05,0.1359,971.21,"NTN-F 010710",2010-07-01
2008-05-06,0.1375,969.07,"NTN-F 010710",2010-07-01
2008-05-07,0.14,965.5,"NTN-F 010710",2010-07-01
2008-05-08,0.1419,962.93,"NTN-F 010710",2010-07-01
2008-05-09,0.1429,961.83,"NTN-F 010710",2010-07-01
2008-05-12,0.1445,959.78,"NTN-F 010710",2010-07-01
2008-05-13,0.1434,962.05,"NTN-F 010710",2010-07-01
2008-05-14,0.1433,962.72,"NTN-F 010710",2010-07-01
2008-05-15,0.1453,960.06,"NTN-F 010710",2010-07-01
2008-05-16,0.1444,962,"NTN-F 010710",2010-07-01
2008-05-19,0.1426,965.37,"NTN-F 010710",2010-07-01
2008-05-20,0.1437,964.14,"NTN-F 010710",2010-07-01
2008-05-21,0.1436,964.81,"NTN-F 010710",2010-07-01
2008-05-23,0.1447,963.59,"NTN-F 010710",2010-07-01
2008-05-26,0.1449,963.79,"NTN-F 010710",2010-07-01
2008-05-27,0.1456,963.21,"NTN-F 010710",2010-07-01
2008-05-28,0.1465,962.32,"NTN-F 010710",2010-07-01
2008-05-29,0.1456,964.25,"NTN-F 010710",2010-07-01
2008-05-30,0.1434,968.21,"NTN-F 010710",2010-07-01
2008-06-02,0.1426,969.98,"NTN-F 010710",2010-07-01
2008-06-03,0.1439,968.46,"NTN-F 010710",2010-07-01
2008-06-04,0.1428,970.69,"NTN-F 010710",2010-07-01
2008-06-05,0.1431,970.74,"NTN-F 010710",2010-07-01
2008-06-06,0.145,968.3,"NTN-F 010710",2010-07-01
2008-06-09,0.1473,965.28,"NTN-F 010710",2010-07-01
2008-06-10,0.1496,962.29,"NTN-F 010710",2010-07-01
2008-06-11,0.1494,963.12,"NTN-F 010710",2010-07-01
2008-06-12,0.1495,963.5,"NTN-F 010710",2010-07-01
2008-06-13,0.1495,964.04,"NTN-F 010710",2010-07-01
2008-06-16,0.1504,963.21,"NTN-F 010710",2010-07-01
2008-06-18,0.1504,964.28,"NTN-F 010710",2010-07-01
2008-06-25,0.1495,968.31,"NTN-F 010710",2010-07-01
2008-06-30,0.1529,916.06,"NTN-F 010710",2010-07-01
2008-07-01,0.1541,914.81,"NTN-F 010710",2010-07-01
2008-07-02,0.1545,914.75,"NTN-F 010710",2010-07-01
2008-07-03,0.156,913.07,"NTN-F 010710",2010-07-01
2008-07-04,0.1566,912.73,"NTN-F 010710",2010-07-01
2008-07-07,0.1573,912.24,"NTN-F 010710",2010-07-01
2008-07-08,0.1562,914.36,"NTN-F 010710",2010-07-01
2008-07-09,0.1546,917.21,"NTN-F 010710",2010-07-01
2008-07-10,0.1546,917.74,"NTN-F 010710",2010-07-01
2008-07-11,0.1541,918.98,"NTN-F 010710",2010-07-01
2008-07-14,0.1538,919.94,"NTN-F 010710",2010-07-01
2008-07-15,0.1538,920.46,"NTN-F 010710",2010-07-01
2008-07-16,0.1519,923.74,"NTN-F 010710",2010-07-01
2008-07-17,0.1518,924.41,"NTN-F 010710",2010-07-01
2008-07-18,0.1508,926.38,"NTN-F 010710",2010-07-01
2008-07-21,0.1505,927.33,"NTN-F 010710",2010-07-01
2008-07-22,0.1518,925.96,"NTN-F 010710",2010-07-01
2008-07-23,0.1505,928.36,"NTN-F 010710",2010-07-01
2008-07-24,0.1487,931.48,"NTN-F 010710",2010-07-01
2008-07-25,0.1486,932.14,"NTN-F 010710",2010-07-01
2008-07-28,0.1476,934.1,"NTN-F 010710",2010-07-01
2008-07-29,0.1482,933.74,"NTN-F 010710",2010-07-01
2008-07-30,0.149,933.1,"NTN-F 010710",2010-07-01
2008-07-31,0.1481,934.91,"NTN-F 010710",2010-07-01
2008-08-01,0.1481,935.42,"NTN-F 010710",2010-07-01
2008-08-04,0.1467,937.95,"NTN-F 010710",2010-07-01
2008-08-05,0.1469,938.17,"NTN-F 010710",2010-07-01
2008-08-06,0.1456,940.55,"NTN-F 010710",2010-07-01
2008-08-07,0.1454,941.35,"NTN-F 010710",2010-07-01
2008-08-08,0.146,940.99,"NTN-F 010710",2010-07-01
2008-08-11,0.1457,941.93,"NTN-F 010710",2010-07-01
2008-08-12,0.1466,941.15,"NTN-F 010710",2010-07-01
2008-08-13,0.147,941.1,"NTN-F 010710",2010-07-01
2008-08-14,0.1473,941.18,"NTN-F 010710",2010-07-01
2008-08-15,0.1471,941.98,"NTN-F 010710",2010-07-01
2008-08-18,0.1462,943.77,"NTN-F 010710",2010-07-01
2008-08-19,0.1463,944.14,"NTN-F 010710",2010-07-01
2008-08-20,0.1453,946.06,"NTN-F 010710",2010-07-01
2008-08-21,0.1454,946.43,"NTN-F 010710",2010-07-01
2008-08-22,0.1457,946.52,"NTN-F 010710",2010-07-01
2008-08-25,0.1461,946.47,"NTN-F 010710",2010-07-01
2008-08-26,0.1466,946.28,"NTN-F 010710",2010-07-01
2008-08-27,0.1461,947.49,"NTN-F 010710",2010-07-01
2008-08-28,0.1463,947.72,"NTN-F 010710",2010-07-01
2008-08-29,0.1463,948.24,"NTN-F 010710",2010-07-01
2008-09-01,0.1458,949.45,"NTN-F 010710",2010-07-01
2008-09-02,0.1456,950.24,"NTN-F 010710",2010-07-01
2008-09-03,0.1458,950.47,"NTN-F 010710",2010-07-01
2008-09-04,0.146,950.71,"NTN-F 010710",2010-07-01
2008-09-05,0.1483,948.05,"NTN-F 010710",2010-07-01
2008-09-08,0.147,950.36,"NTN-F 010710",2010-07-01
2008-09-09,0.1475,950.19,"NTN-F 010710",2010-07-01
2008-09-10,0.1484,949.48,"NTN-F 010710",2010-07-01
2008-09-11,0.1468,952.19,"NTN-F 010710",2010-07-01
2008-09-12,0.1467,952.84,"NTN-F 010710",2010-07-01
2008-09-15,0.1466,953.5,"NTN-F 010710",2010-07-01
2008-09-16,0.1466,954.01,"NTN-F 010710",2010-07-01
2008-09-17,0.1469,954.12,"NTN-F 010710",2010-07-01
2008-09-18,0.1495,951.13,"NTN-F 010710",2010-07-01
2008-09-19,0.1484,953.13,"NTN-F 010710",2010-07-01
2008-09-22,0.1491,952.72,"NTN-F 010710",2010-07-01
2008-09-23,0.1489,953.51,"NTN-F 010710",2010-07-01
2008-09-24,0.1494,953.37,"NTN-F 010710",2010-07-01
2008-09-25,0.1493,954.03,"NTN-F 010710",2010-07-01
2008-09-26,0.1479,956.42,"NTN-F 010710",2010-07-01
2008-09-29,0.1471,958.02,"NTN-F 010710",2010-07-01
2008-09-30,0.1474,958.14,"NTN-F 010710",2010-07-01
2008-10-01,0.145,961.87,"NTN-F 010710",2010-07-01
2008-10-02,0.1435,964.39,"NTN-F 010710",2010-07-01
2008-10-03,0.1458,961.84,"NTN-F 010710",2010-07-01
2008-10-06,0.1456,962.62,"NTN-F 010710",2010-07-01
2008-10-07,0.1495,957.99,"NTN-F 010710",2010-07-01
2008-10-08,0.151,956.55,"NTN-F 010710",2010-07-01
2008-10-09,0.1514,956.56,"NTN-F 010710",2010-07-01
2008-10-10,0.1504,958.4,"NTN-F 010710",2010-07-01
2008-10-13,0.1522,956.59,"NTN-F 010710",2010-07-01
2008-10-14,0.1497,960.38,"NTN-F 010710",2010-07-01
2008-10-15,0.1502,960.26,"NTN-F 010710",2010-07-01
2008-10-16,0.1509,959.89,"NTN-F 010710",2010-07-01
2008-10-17,0.1506,960.81,"NTN-F 010710",2010-07-01
2008-10-20,0.1509,960.96,"NTN-F 010710",2010-07-01
2008-10-21,0.1505,962.01,"NTN-F 010710",2010-07-01
2008-10-22,0.1514,961.39,"NTN-F 010710",2010-07-01
2008-10-23,0.1691,939.74,"NTN-F 010710",2010-07-01
2008-10-24,0.1731,935.44,"NTN-F 010710",2010-07-01
2008-10-27,0.1738,935.19,"NTN-F 010710",2010-07-01
2008-10-28,0.1687,941.98,"NTN-F 010710",2010-07-01
2008-10-29,0.1648,947.34,"NTN-F 010710",2010-07-01
2008-10-30,0.1586,955.58,"NTN-F 010710",2010-07-01
2008-10-31,0.1608,953.42,"NTN-F 010710",2010-07-01
2008-11-03,0.1621,952.38,"NTN-F 010710",2010-07-01
2008-11-04,0.161,954.3,"NTN-F 010710",2010-07-01
2008-11-05,0.1576,959.06,"NTN-F 010710",2010-07-01
2008-11-06,0.1589,958.01,"NTN-F 010710",2010-07-01
2008-11-07,0.16,957.22,"NTN-F 010710",2010-07-01
2008-11-10,0.158,960.24,"NTN-F 010710",2010-07-01
2008-11-11,0.1576,961.29,"NTN-F 010710",2010-07-01
2008-11-12,0.1575,961.97,"NTN-F 010710",2010-07-01
2008-11-13,0.1576,962.4,"NTN-F 010710",2010-07-01
2008-11-14,0.1605,959.44,"NTN-F 010710",2010-07-01
2008-11-17,0.1574,963.77,"NTN-F 010710",2010-07-01
2008-11-18,0.1571,964.69,"NTN-F 010710",2010-07-01
2008-11-19,0.1548,968.05,"NTN-F 010710",2010-07-01
2008-11-20,0.1551,968.23,"NTN-F 010710",2010-07-01
2008-11-21,0.1551,968.79,"NTN-F 010710",2010-07-01
2008-11-24,0.1551,969.34,"NTN-F 010710",2010-07-01
2008-11-25,0.1533,972.08,"NTN-F 010710",2010-07-01
2008-11-26,0.1534,972.51,"NTN-F 010710",2010-07-01
2008-11-27,0.1522,974.51,"NTN-F 010710",2010-07-01
2008-11-28,0.153,974.09,"NTN-F 010710",2010-07-01
2008-12-01,0.1514,976.57,"NTN-F 010710",2010-07-01
2008-12-02,0.1434,986.84,"NTN-F 010710",2010-07-01
2008-12-03,0.1436,987.12,"NTN-F 010710",2010-07-01
2008-12-04,0.142,989.6,"NTN-F 010710",2010-07-01
2008-12-05,0.137,996.26,"NTN-F 010710",2010-07-01
2008-12-08,0.1368,997.02,"NTN-F 010710",2010-07-01
2008-12-09,0.1351,999.62,"NTN-F 010710",2010-07-01
2008-12-10,0.1359,999.14,"NTN-F 010710",2010-07-01
2008-12-11,0.1337,1002.35,"NTN-F 010710",2010-07-01
2008-12-12,0.1326,1004.2,"NTN-F 010710",2010-07-01
2008-12-15,0.1326,1004.7,"NTN-F 010710",2010-07-01
2008-12-16,0.1323,1005.56,"NTN-F 010710",2010-07-01
2008-12-17,0.1326,1005.69,"NTN-F 010710",2010-07-01
2008-12-18,0.1286,1011.09,"NTN-F 010710",2010-07-01
2008-12-19,0.1256,1015.27,"NTN-F 010710",2010-07-01
2008-12-22,0.1269,1014.15,"NTN-F 010710",2010-07-01
2008-12-23,0.1252,1017.2,"NTN-F 010710",2010-07-01
2008-12-24,0.1247,1017.81,"NTN-F 010710",2010-07-01
2008-12-26,0.1247,1018.29,"NTN-F 010710",2010-07-01
2008-12-29,0.1246,1018.88,"NTN-F 010710",2010-07-01
2008-12-30,0.1245,971.15,"NTN-F 010710",2010-07-01
2008-12-31,0.1228,973.22,"NTN-F 010710",2010-07-01
2009-01-02,0.1228,973.67,"NTN-F 010710",2010-07-01
2009-01-05,0.1225,974.48,"NTN-F 010710",2010-07-01
2009-01-06,0.1215,976.15,"NTN-F 010710",2010-07-01
2009-01-07,0.1205,977.81,"NTN-F 010710",2010-07-01
2009-01-08,0.1215,977.04,"NTN-F 010710",2010-07-01
2009-01-09,0.1195,979.9,"NTN-F 010710",2010-07-01
2009-01-12,0.1164,984.11,"NTN-F 010710",2010-07-01
2009-01-13,0.1164,984.54,"NTN-F 010710",2010-07-01
2009-01-14,0.1151,986.55,"NTN-F 010710",2010-07-01
2009-01-15,0.1165,985.28,"NTN-F 010710",2010-07-01
2009-01-16,0.1146,988.01,"NTN-F 010710",2010-07-01
2009-01-19,0.115,987.95,"NTN-F 010710",2010-07-01
2009-01-20,0.1138,989.83,"NTN-F 010710",2010-07-01
2009-01-21,0.113,991.22,"NTN-F 010710",2010-07-01
2009-01-22,0.1115,993.45,"NTN-F 010710",2010-07-01
2009-01-23,0.1115,993.86,"NTN-F 010710",2010-07-01
2009-01-26,0.1139,991.4,"NTN-F 010710",2010-07-01
2009-01-27,0.1157,989.68,"NTN-F 010710",2010-07-01
2009-01-28,0.1139,992.25,"NTN-F 010710",2010-07-01
2009-01-29,0.1135,993.15,"NTN-F 010710",2010-07-01
2009-01-30,0.1149,991.92,"NTN-F 010710",2010-07-01
2009-02-02,0.1139,993.53,"NTN-F 010710",2010-07-01
2009-02-03,0.1129,995.13,"NTN-F 010710",2010-07-01
2009-02-04,0.1118,996.85,"NTN-F 010710",2010-07-01
2009-02-05,0.1127,996.21,"NTN-F 010710",2010-07-01
2009-02-06,0.1131,996.17,"NTN-F 010710",2010-07-01
2009-02-09,0.1122,997.64,"NTN-F 010710",2010-07-01
2009-02-10,0.1135,996.55,"NTN-F 010710",2010-07-01
2009-02-11,0.1138,996.62,"NTN-F 010710",2010-07-01
2009-02-12,0.1136,997.28,"NTN-F 010710",2010-07-01
2009-02-13,0.1143,996.9,"NTN-F 010710",2010-07-01
2009-02-16,0.113,998.83,"NTN-F 010710",2010-07-01
2009-02-17,0.1128,999.48,"NTN-F 010710",2010-07-01
2009-02-18,0.1127,1000.02,"NTN-F 010710",2010-07-01
2009-02-19,0.1131,999.99,"NTN-F 010710",2010-07-01
2009-02-20,0.1113,1002.47,"NTN-F 010710",2010-07-01
2009-02-25,0.1118,1002.32,"NTN-F 010710",2010-07-01
2009-02-26,0.1109,1003.76,"NTN-F 010710",2010-07-01
2009-02-27,0.1092,1006.12,"NTN-F 010710",2010-07-01
2009-03-02,0.1079,1008.01,"NTN-F 010710",2010-07-01
2009-03-03,0.1083,1007.97,"NTN-F 010710",2010-07-01
2009-03-04,0.109,1007.58,"NTN-F 010710",2010-07-01
2009-03-05,0.1093,1007.66,"NTN-F 010710",2010-07-01
2009-03-06,0.1083,1009.2,"NTN-F 010710",2010-07-01
2009-03-09,0.1054,1012.88,"NTN-F 010710",2010-07-01
2009-03-10,0.1035,1015.43,"NTN-F 010710",2010-07-01
2009-03-11,0.1025,1016.95,"NTN-F 010710",2010-07-01
2009-03-12,0.1014,1018.59,"NTN-F 010710",2010-07-01
2009-03-13,0.1009,1019.54,"NTN-F 010710",2010-07-01
2009-03-16,0.1026,1018.02,"NTN-F 010710",2010-07-01
2009-03-17,0.1024,1018.64,"NTN-F 010710",2010-07-01
2009-03-18,0.1021,1019.37,"NTN-F 010710",2010-07-01
2009-03-19,0.1003,1021.77,"NTN-F 010710",2010-07-01
2009-03-20,0.0994,1023.16,"NTN-F 010710",2010-07-01
2009-03-23,0.0992,1023.77,"NTN-F 010710",2010-07-01
2009-03-24,0.0998,1023.49,"NTN-F 010710",2010-07-01
2009-03-25,0.1017,1021.78,"NTN-F 010710",2010-07-01
2009-03-26,0.1013,1022.61,"NTN-F 010710",2010-07-01
2009-03-27,0.1004,1023.99,"NTN-F 010710",2010-07-01
2009-03-30,0.1015,1023.18,"NTN-F 010710",2010-07-01
2009-03-31,0.1014,1023.68,"NTN-F 010710",2010-07-01
2009-04-01,0.1011,1024.39,"NTN-F 010710",2010-07-01
2009-04-02,0.1009,1025,"NTN-F 010710",2010-07-01
2009-04-03,0.1019,1024.32,"NTN-F 010710",2010-07-01
2009-04-06,0.1027,1023.85,"NTN-F 010710",2010-07-01
2009-04-07,0.1017,1025.32,"NTN-F 010710",2010-07-01
2009-04-08,0.1016,1025.82,"NTN-F 010710",2010-07-01
2009-04-09,0.1018,1026,"NTN-F 010710",2010-07-01
2009-04-13,0.1015,1026.71,"NTN-F 010710",2010-07-01
2009-04-14,0.1017,1026.9,"NTN-F 010710",2010-07-01
2009-04-15,0.1007,1028.35,"NTN-F 010710",2010-07-01
2009-04-16,0.1,1029.48,"NTN-F 010710",2010-07-01
2009-04-17,0.1008,1029.03,"NTN-F 010710",2010-07-01
2009-04-20,0.1029,1027.23,"NTN-F 010710",2010-07-01
2009-04-22,0.1032,1027.31,"NTN-F 010710",2010-07-01
2009-04-23,0.1019,1029.06,"NTN-F 010710",2010-07-01
2009-04-24,0.1019,1029.46,"NTN-F 010710",2010-07-01
2009-04-27,0.1028,1028.93,"NTN-F 010710",2010-07-01
2009-04-28,0.1029,1029.22,"NTN-F 010710",2010-07-01
2009-04-29,0.1016,1030.95,"NTN-F 010710",2010-07-01
2009-04-30,0.1015,1031.45,"NTN-F 010710",2010-07-01
2009-05-04,0.1012,1032.15,"NTN-F 010710",2010-07-01
2009-05-05,0.1012,1032.55,"NTN-F 010710",2010-07-01
2009-05-06,0.1011,1033.04,"NTN-F 010710",2010-07-01
2009-05-07,0.1008,1033.74,"NTN-F 010710",2010-07-01
2009-05-08,0.0992,1035.75,"NTN-F 010710",2010-07-01
2009-05-11,0.0981,1037.24,"NTN-F 010710",2010-07-01
2009-05-12,0.0971,1038.64,"NTN-F 010710",2010-07-01
2009-05-13,0.0966,1039.52,"NTN-F 010710",2010-07-01
2009-05-14,0.0961,1040.4,"NTN-F 010710",2010-07-01
2009-05-15,0.0956,1041.28,"NTN-F 010710",2010-07-01
2009-05-18,0.0957,1041.56,"NTN-F 010710",2010-07-01
2009-05-19,0.0951,1042.53,"NTN-F 010710",2010-07-01
2009-05-20,0.0951,1042.91,"NTN-F 010710",2010-07-01
2009-05-21,0.0947,1043.68,"NTN-F 010710",2010-07-01
2009-05-22,0.096,1042.77,"NTN-F 010710",2010-07-01
2009-05-25,0.0958,1043.35,"NTN-F 010710",2010-07-01
2009-05-26,0.0952,1044.31,"NTN-F 010710",2010-07-01
2009-05-27,0.0947,1045.18,"NTN-F 010710",2010-07-01
2009-05-28,0.0953,1044.97,"NTN-F 010710",2010-07-01
2009-05-29,0.0953,1045.35,"NTN-F 010710",2010-07-01
2009-06-01,0.0948,1046.21,"NTN-F 010710",2010-07-01
2009-06-02,0.0937,1047.64,"NTN-F 010710",2010-07-01
2009-06-03,0.0938,1047.92,"NTN-F 010710",2010-07-01
2009-06-04,0.0937,1048.38,"NTN-F 010710",2010-07-01
2009-06-05,0.0934,1049.04,"NTN-F 010710",2010-07-01
2009-06-08,0.0949,1047.99,"NTN-F 010710",2010-07-01
2009-06-09,0.0959,1047.43,"NTN-F 010710",2010-07-01
2009-06-10,0.0987,1045.19,"NTN-F 010710",2010-07-01
2009-06-12,0.0958,1048.28,"NTN-F 010710",2010-07-01
2009-06-15,0.0953,1049.13,"NTN-F 010710",2010-07-01
2009-06-16,0.0948,1049.97,"NTN-F 010710",2010-07-01
2009-06-17,0.094,1051.09,"NTN-F 010710",2010-07-01
2009-06-18,0.0935,1051.93,"NTN-F 010710",2010-07-01
2009-06-19,0.0941,1051.75,"NTN-F 010710",2010-07-01
2009-06-22,0.0945,1051.76,"NTN-F 010710",2010-07-01
2009-06-23,0.0945,1052.14,"NTN-F 010710",2010-07-01
2009-06-24,0.0935,1053.42,"NTN-F 010710",2010-07-01
2009-06-25,0.0931,1054.16,"NTN-F 010710",2010-07-01
2009-06-26,0.0933,1054.35,"NTN-F 010710",2010-07-01
2009-06-29,0.0929,1055.08,"NTN-F 010710",2010-07-01
2009-06-30,0.0935,1006.11,"NTN-F 010710",2010-07-01
2009-07-01,0.0934,1006.55,"NTN-F 010710",2010-07-01
2009-07-02,0.0933,1007,"NTN-F 010710",2010-07-01
2009-07-03,0.0927,1007.89,"NTN-F 010710",2010-07-01
2009-07-06,0.0924,1008.51,"NTN-F 010710",2010-07-01
2009-07-07,0.0919,1009.3,"NTN-F 010710",2010-07-01
2009-07-08,0.0913,1010.18,"NTN-F 010710",2010-07-01
2009-07-09,0.091,1010.79,"NTN-F 010710",2010-07-01
2009-07-10,0.091,1011.14,"NTN-F 010710",2010-07-01
2009-07-13,0.0907,1011.75,"NTN-F 010710",2010-07-01
2009-07-14,0.0919,1011.06,"NTN-F 010710",2010-07-01
2009-07-15,0.091,1012.19,"NTN-F 010710",2010-07-01
2009-07-16,0.0912,1012.37,"NTN-F 010710",2010-07-01
2009-07-17,0.0909,1012.98,"NTN-F 010710",2010-07-01
2009-07-20,0.0902,1013.93,"NTN-F 010710",2010-07-01
2009-07-21,0.0904,1014.1,"NTN-F 010710",2010-07-01
2009-07-22,0.0903,1014.54,"NTN-F 010710",2010-07-01
2009-07-23,0.0906,1014.63,"NTN-F 010710",2010-07-01
2009-07-24,0.0921,1013.72,"NTN-F 010710",2010-07-01
2009-07-27,0.0916,1014.49,"NTN-F 010710",2010-07-01
2009-07-28,0.0913,1015.1,"NTN-F 010710",2010-07-01
2009-07-29,0.0913,1015.45,"NTN-F 010710",2010-07-01
2009-07-30,0.091,1016.05,"NTN-F 010710",2010-07-01
2009-07-31,0.0919,1015.66,"NTN-F 010710",2010-07-01
2009-08-03,0.0919,1016.01,"NTN-F 010710",2010-07-01
2009-08-04,0.0918,1016.45,"NTN-F 010710",2010-07-01
2009-08-05,0.0917,1016.89,"NTN-F 010710",2010-07-01
2009-08-06,0.0918,1017.16,"NTN-F 010710",2010-07-01
2009-08-07,0.0915,1017.76,"NTN-F 010710",2010-07-01
2009-08-10,0.0917,1017.95,"NTN-F 010710",2010-07-01
2009-08-11,0.0913,1018.62,"NTN-F 010710",2010-07-01
2009-08-12,0.091,1019.21,"NTN-F 010710",2010-07-01
2009-08-13,0.091,1019.57,"NTN-F 010710",2010-07-01
2009-08-14,0.0903,1020.47,"NTN-F 010710",2010-07-01
2009-08-17,0.0897,1021.29,"NTN-F 010710",2010-07-01
2009-08-18,0.0895,1021.8,"NTN-F 010710",2010-07-01
2009-08-19,0.0897,1021.99,"NTN-F 010710",2010-07-01
2009-08-20,0.0895,1022.49,"NTN-F 010710",2010-07-01
2009-08-21,0.0898,1022.61,"NTN-F 010710",2010-07-01
2009-08-24,0.0902,1022.65,"NTN-F 010710",2010-07-01
2009-08-25,0.0902,1023,"NTN-F 010710",2010-07-01
2009-08-26,0.0903,1023.27,"NTN-F 010710",2010-07-01
2009-08-27,0.0903,1023.63,"NTN-F 010710",2010-07-01
2009-08-28,0.0906,1023.75,"NTN-F 010710",2010-07-01
2009-08-31,0.091,1023.8,"NTN-F 010710",2010-07-01
2009-09-01,0.0908,1024.31,"NTN-F 010710",2010-07-01
2009-09-02,0.0902,1025.11,"NTN-F 010710",2010-07-01
2009-09-03,0.0901,1025.53,"NTN-F 010710",2010-07-01
2009-09-04,0.0902,1025.81,"NTN-F 010710",2010-07-01
2009-09-08,0.0902,1026.16,"NTN-F 010710",2010-07-01
2009-09-09,0.0902,1026.51,"NTN-F 010710",2010-07-01
2009-09-10,0.0901,1026.94,"NTN-F 010710",2010-07-01
2009-09-11,0.0897,1027.58,"NTN-F 010710",2010-07-01
2009-09-14,0.0894,1028.14,"NTN-F 010710",2010-07-01
2009-09-15,0.0896,1028.35,"NTN-F 010710",2010-07-01
2009-09-16,0.0898,1028.56,"NTN-F 010710",2010-07-01
2009-09-17,0.0907,1028.27,"NTN-F 010710",2010-07-01
2009-09-18,0.0907,1028.62,"NTN-F 010710",2010-07-01
2009-09-21,0.0909,1028.84,"NTN-F 010710",2010-07-01
2009-09-22,0.0923,1028.22,"NTN-F 010710",2010-07-01
2009-09-23,0.0913,1029.27,"NTN-F 010710",2010-07-01
2009-09-24,0.0921,1029.08,"NTN-F 010710",2010-07-01
2009-09-25,0.0923,1029.3,"NTN-F 010710",2010-07-01
2009-09-28,0.0926,1029.46,"NTN-F 010710",2010-07-01
2009-09-29,0.0925,1029.89,"NTN-F 010710",2010-07-01
2009-09-30,0.0922,1030.45,"NTN-F 010710",2010-07-01
2009-10-01,0.0924,1030.68,"NTN-F 010710",2010-07-01
2009-10-02,0.0929,1030.7,"NTN-F 010710",2010-07-01
2009-10-05,0.0923,1031.47,"NTN-F 010710",2010-07-01
2009-10-06,0.0919,1032.09,"NTN-F 010710",2010-07-01
2009-10-07,0.0926,1031.99,"NTN-F 010710",2010-07-01
2009-10-08,0.0933,1031.9,"NTN-F 010710",2010-07-01
2009-10-09,0.0938,1031.94,"NTN-F 010710",2010-07-01
2009-10-13,0.0942,1032.05,"NTN-F 010710",2010-07-01
2009-10-14,0.094,1032.54,"NTN-F 010710",2010-07-01
2009-10-15,0.0937,1033.1,"NTN-F 010710",2010-07-01
2009-10-16,0.094,1033.28,"NTN-F 010710",2010-07-01
2009-10-19,0.0933,1034.09,"NTN-F 010710",2010-07-01
2009-10-20,0.0934,1034.39,"NTN-F 010710",2010-07-01
2009-10-21,0.093,1035.01,"NTN-F 010710",2010-07-01
2009-10-22,0.0926,1035.63,"NTN-F 010710",2010-07-01
2009-10-23,0.0918,1036.48,"NTN-F 010710",2010-07-01
2009-10-26,0.0913,1037.15,"NTN-F 010710",2010-07-01
2009-10-27,0.0915,1037.39,"NTN-F 010710",2010-07-01
2009-10-28,0.091,1038.06,"NTN-F 010710",2010-07-01
2009-10-29,0.091,1038.41,"NTN-F 010710",2010-07-01
2009-10-30,0.0914,1038.53,"NTN-F 010710",2010-07-01
2009-11-03,0.0919,1038.59,"NTN-F 010710",2010-07-01
2009-11-04,0.0912,1039.37,"NTN-F 010710",2010-07-01
2009-11-05,0.091,1039.85,"NTN-F 010710",2010-07-01
2009-11-06,0.0905,1040.5,"NTN-F 010710",2010-07-01
2009-11-09,0.0905,1040.86,"NTN-F 010710",2010-07-01
2009-11-10,0.0907,1041.1,"NTN-F 010710",2010-07-01
2009-11-11,0.0908,1041.4,"NTN-F 010710",2010-07-01
2009-11-12,0.0909,1041.71,"NTN-F 010710",2010-07-01
2009-11-13,0.0912,1041.9,"NTN-F 010710",2010-07-01
2009-11-16,0.0915,1042.09,"NTN-F 010710",2010-07-01
2009-11-17,0.0915,1042.45,"NTN-F 010710",2010-07-01
2009-11-18,0.0911,1043.03,"NTN-F 010710",2010-07-01
2009-11-19,0.0909,1043.51,"NTN-F 010710",2010-07-01
2009-11-20,0.0908,1043.92,"NTN-F 010710",2010-07-01
2009-11-23,0.0908,1044.28,"NTN-F 010710",2010-07-01
2009-11-24,0.0907,1044.7,"NTN-F 010710",2010-07-01
2009-11-25,0.0904,1045.22,"NTN-F 010710",2010-07-01
2009-11-26,0.0907,1045.42,"NTN-F 010710",2010-07-01
2009-11-27,0.0913,1045.46,"NTN-F 010710",2010-07-01
2009-11-30,0.0914,1045.77,"NTN-F 010710",2010-07-01
2009-12-01,0.0917,1045.97,"NTN-F 010710",2010-07-01
2009-12-02,0.0914,1046.49,"NTN-F 010710",2010-07-01
2009-12-03,0.0919,1046.6,"NTN-F 010710",2010-07-01
2009-12-04,0.092,1046.91,"NTN-F 010710",2010-07-01
2009-12-07,0.0921,1047.22,"NTN-F 010710",2010-07-01
2009-12-08,0.0918,1047.74,"NTN-F 010710",2010-07-01
2009-12-09,0.0922,1047.91,"NTN-F 010710",2010-07-01
2009-12-10,0.0922,1048.27,"NTN-F 010710",2010-07-01
2009-12-11,0.0915,1048.99,"NTN-F 010710",2010-07-01
2009-12-14,0.0913,1049.45,"NTN-F 010710",2010-07-01
2009-12-15,0.0914,1049.77,"NTN-F 010710",2010-07-01
2009-12-16,0.0917,1049.99,"NTN-F 010710",2010-07-01
2009-12-17,0.092,1050.21,"NTN-F 010710",2010-07-01
2009-12-18,0.0913,1050.91,"NTN-F 010710",2010-07-01
2009-12-21,0.0913,1051.27,"NTN-F 010710",2010-07-01
2009-12-22,0.0912,1051.68,"NTN-F 010710",2010-07-01
2009-12-23,0.0911,1052.46,"NTN-F 010710",2010-07-01
2009-12-24,0.0915,1052.27,"NTN-F 010710",2010-07-01
2009-12-28,0.0915,1052.64,"NTN-F 010710",2010-07-01
2009-12-29,0.0916,1052.96,"NTN-F 010710",2010-07-01
2009-12-30,0.0917,1004.84,"NTN-F 010710",2010-07-01
2009-12-31,0.0921,1004.66,"NTN-F 010710",2010-07-01
2010-01-04,0.0921,1005.01,"NTN-F 010710",2010-07-01
2010-01-05,0.0915,1005.63,"NTN-F 010710",2010-07-01
2010-01-06,0.0915,1005.98,"NTN-F 010710",2010-07-01
2010-01-07,0.0911,1006.5,"NTN-F 010710",2010-07-01
2010-01-08,0.0912,1006.8,"NTN-F 010710",2010-07-01
2010-01-11,0.0909,1007.28,"NTN-F 010710",2010-07-01
2010-01-12,0.091,1007.59,"NTN-F 010710",2010-07-01
2010-01-13,0.0911,1007.89,"NTN-F 010710",2010-07-01
2010-01-14,0.0906,1008.45,"NTN-F 010710",2010-07-01
2010-01-15,0.0909,1008.67,"NTN-F 010710",2010-07-01
2010-01-18,0.0907,1009.1,"NTN-F 010710",2010-07-01
2010-01-19,0.0907,1009.45,"NTN-F 010710",2010-07-01
2010-01-20,0.0912,1009.6,"NTN-F 010710",2010-07-01
2010-01-21,0.0912,1009.95,"NTN-F 010710",2010-07-01
2010-01-22,0.0913,1010.26,"NTN-F 010710",2010-07-01
2010-01-25,0.0915,1010.53,"NTN-F 010710",2010-07-01
2010-01-26,0.0915,1010.88,"NTN-F 010710",2010-07-01
2010-01-27,0.0916,1011.19,"NTN-F 010710",2010-07-01
2010-01-28,0.0916,1011.55,"NTN-F 010710",2010-07-01
2010-01-29,0.091,1012.12,"NTN-F 010710",2010-07-01
2010-02-01,0.0908,1012.55,"NTN-F 010710",2010-07-01
2010-02-02,0.091,1012.82,"NTN-F 010710",2010-07-01
2010-02-03,0.0916,1012.95,"NTN-F 010710",2010-07-01
2010-02-04,0.0916,1013.31,"NTN-F 010710",2010-07-01
2010-02-05,0.0911,1013.84,"NTN-F 010710",2010-07-01
2010-02-08,0.091,1014.23,"NTN-F 010710",2010-07-01
2010-02-09,0.0911,1014.54,"NTN-F 010710",2010-07-01
2010-02-10,0.0913,1014.82,"NTN-F 010710",2010-07-01
2010-02-11,0.0916,1015.07,"NTN-F 010710",2010-07-01
2010-02-12,0.0917,1015.39,"NTN-F 010710",2010-07-01
2010-02-17,0.0913,1015.88,"NTN-F 010710",2010-07-01
2010-02-18,0.0913,1016.23,"NTN-F 010710",2010-07-01
2010-02-19,0.0914,1016.55,"NTN-F 010710",2010-07-01
2010-02-22,0.0917,1016.8,"NTN-F 010710",2010-07-01
2010-02-23,0.092,1017.06,"NTN-F 010710",2010-07-01
2010-02-24,0.0923,1017.32,"NTN-F 010710",2010-07-01
2010-02-25,0.0926,1017.58,"NTN-F 010710",2010-07-01
2010-02-26,0.0927,1017.91,"NTN-F 010710",2010-07-01
2010-03-01,0.0933,1018.08,"NTN-F 010710",2010-07-01
2010-03-02,0.0932,1018.47,"NTN-F 010710",2010-07-01
2010-03-03,0.0932,1018.83,"NTN-F 010710",2010-07-01
2010-03-04,0.0934,1019.13,"NTN-F 010710",2010-07-01
2010-03-05,0.0934,1019.49,"NTN-F 010710",2010-07-01
2010-03-08,0.0926,1020.09,"NTN-F 010710",2010-07-01
2010-03-09,0.0926,1020.44,"NTN-F 010710",2010-07-01
2010-03-10,0.0926,1020.8,"NTN-F 010710",2010-07-01
2010-03-11,0.093,1021.05,"NTN-F 010710",2010-07-01
2010-03-12,0.0937,1021.22,"NTN-F 010710",2010-07-01
2010-03-15,0.0935,1021.63,"NTN-F 010710",2010-07-01
2010-03-16,0.0935,1022,"NTN-F 010710",2010-07-01
2010-03-17,0.0936,1022.33,"NTN-F 010710",2010-07-01
2010-03-18,0.091,1023.38,"NTN-F 010710",2010-07-01
2010-03-19,0.0911,1023.71,"NTN-F 010710",2010-07-01
2010-03-22,0.0911,1024.06,"NTN-F 010710",2010-07-01
2010-03-23,0.0911,1024.42,"NTN-F 010710",2010-07-01
2010-03-24,0.0911,1024.77,"NTN-F 010710",2010-07-01
2010-03-25,0.0914,1025.05,"NTN-F 010710",2010-07-01
2010-03-26,0.0916,1025.36,"NTN-F 010710",2010-07-01
2010-03-29,0.0918,1025.67,"NTN-F 010710",2010-07-01
2010-03-30,0.0919,1026,"NTN-F 010710",2010-07-01
2010-03-31,0.0919,1026.36,"NTN-F 010710",2010-07-01
2010-04-01,0.0919,1026.72,"NTN-F 010710",2010-07-01
2010-04-05,0.0918,1027.1,"NTN-F 010710",2010-07-01
2010-04-06,0.0919,1027.44,"NTN-F 010710",2010-07-01
2010-04-07,0.0923,1027.71,"NTN-F 010710",2010-07-01
2010-04-08,0.0926,1028,"NTN-F 010710",2010-07-01
2010-04-09,0.0928,1028.32,"NTN-F 010710",2010-07-01
2010-04-12,0.0931,1028.62,"NTN-F 010710",2010-07-01
2010-04-13,0.0932,1028.97,"NTN-F 010710",2010-07-01
2010-04-14,0.0935,1029.27,"NTN-F 010710",2010-07-01
2010-04-15,0.0939,1029.56,"NTN-F 010710",2010-07-01
2010-04-16,0.094,1029.91,"NTN-F 010710",2010-07-01
2010-04-19,0.094,1030.27,"NTN-F 010710",2010-07-01
2010-04-20,0.0943,1030.59,"NTN-F 010710",2010-07-01
2010-04-22,0.0941,1030.99,"NTN-F 010710",2010-07-01
2010-04-23,0.094,1031.38,"NTN-F 010710",2010-07-01
2010-04-26,0.0945,1031.66,"NTN-F 010710",2010-07-01
2010-04-27,0.0953,1031.89,"NTN-F 010710",2010-07-01
2010-04-28,0.0952,1032.28,"NTN-F 010710",2010-07-01
2010-04-29,0.0957,1032.57,"NTN-F 010710",2010-07-01
2010-04-30,0.0966,1032.81,"NTN-F 010710",2010-07-01
2010-05-03,0.0969,1033.14,"NTN-F 010710",2010-07-01
2010-05-04,0.0969,1033.52,"NTN-F 010710",2010-07-01
2010-05-05,0.0971,1033.87,"NTN-F 010710",2010-07-01
2010-05-06,0.0971,1034.25,"NTN-F 010710",2010-07-01
2010-05-07,0.097,1034.64,"NTN-F 010710",2010-07-01
2010-05-10,0.097,1035.02,"NTN-F 010710",2010-07-01
2010-05-11,0.0971,1035.39,"NTN-F 010710",2010-07-01
2010-05-12,0.0973,1035.75,"NTN-F 010710",2010-07-01
2010-05-13,0.0975,1036.1,"NTN-F 010710",2010-07-01
2010-05-14,0.0976,1036.47,"NTN-F 010710",2010-07-01
2010-05-17,0.0975,1036.87,"NTN-F 010710",2010-07-01
2010-05-18,0.0976,1037.24,"NTN-F 010710",2010-07-01
2010-05-19,0.0976,1037.62,"NTN-F 010710",2010-07-01
2010-05-20,0.0977,1038,"NTN-F 010710",2010-07-01
2010-05-21,0.0978,1038.37,"NTN-F 010710",2010-07-01
2010-05-24,0.0978,1038.76,"NTN-F 010710",2010-07-01
2010-05-25,0.0979,1039.13,"NTN-F 010710",2010-07-01
2010-05-26,0.0978,1039.52,"NTN-F 010710",2010-07-01
2010-05-27,0.098,1039.89,"NTN-F 010710",2010-07-01
2010-05-28,0.0984,1040.25,"NTN-F 010710",2010-07-01
2010-05-31,0.0986,1040.62,"NTN-F 010710",2010-07-01
2010-06-01,0.0988,1040.99,"NTN-F 010710",2010-07-01
2010-06-02,0.099,1041.37,"NTN-F 010710",2010-07-01
2010-06-04,0.0994,1041.73,"NTN-F 010710",2010-07-01
2010-06-07,0.0999,1042.09,"NTN-F 010710",2010-07-01
2010-06-08,0.1002,1042.46,"NTN-F 010710",2010-07-01
2010-06-09,0.1007,1042.83,"NTN-F 010710",2010-07-01
2010-06-10,0.1012,1043.2,"NTN-F 010710",2010-07-01
2010-06-11,0.1017,1043.58,"NTN-F 010710",2010-07-01
2010-06-14,0.1017,1043.98,"NTN-F 010710",2010-07-01
2010-06-15,0.1017,1044.38,"NTN-F 010710",2010-07-01
2010-06-16,0.1017,1044.78,"NTN-F 010710",2010-07-01
2010-06-17,0.1017,1045.18,"NTN-F 010710",2010-07-01
2010-06-18,0.1017,1045.58,"NTN-F 010710",2010-07-01
2010-06-21,0.1017,1045.99,"NTN-F 010710",2010-07-01
2010-06-22,0.1018,1046.39,"NTN-F 010710",2010-07-01
2010-06-23,0.1017,1046.79,"NTN-F 010710",2010-07-01
2010-06-24,0.1017,1047.19,"NTN-F 010710",2010-07-01
2010-06-25,0.1017,1047.6,"NTN-F 010710",2010-07-01
2010-06-28,0.1016,1048,"NTN-F 010710",2010-07-01
2010-06-29,0.1015,1048.4,"NTN-F 010710",2010-07-01
2010-06-30,0.1014,1048.8,"NTN-F 010710",2010-07-01
